{
    "pumps": {
        "R": {
            "a": 0.417687557,
            "b": 0.00031988,
            "pin": 2
        },

        "G": {
            "a": 0.428456799,
            "b": -0.024517905,
            "pin": 3
        },

        "B": {
            "a": 0.417859474,
            "b": 0.004680519,
            "pin": 4
        },

        "Y": {
            "a": 0.480301521,
            "b": 0.013503936,
            "pin": 6
        },

        "W": {
            "a": 0.594954847,
            "b": 0.005580315,
            "pin": 7
        },

        "D": {
            "a": 0.388164729,
            "b": -0.004883035,
            "pin": 8
        }
    }
}