{
    "pumps": {
        "R": {
            "a": 0.41078742,
            "b": -0.020032434,
            "pin": 2
        },

        "G": {
            "a": 0.423519854,
            "b": -0.047835642,
            "pin": 3
        },

        "B": {
            "a": 0.492951157,
            "b": -0.013540408,
            "pin": 4
        },

        "Y": {
            "a": 0.469008156,
            "b": -0.023373617,
            "pin": 6
        },

        "W": {
            "a": 0.4474396,
            "b": -0.01981153,
            "pin": 7
        },

        "D": {
            "a": 0.421665813,
            "b": 0.025849643,
            "pin": 8
        }
    }
}