{
    "pumps": {
        "R": {
            "a": 0.430052939,
            "b": 0.011304609,
            "pin": 2
        },

        "G": {
            "a": 0.428192079,
            "b": 0.022650255,
            "pin": 3
        },

        "B": {
            "a": 0.448607908,
            "b": -0.078231313,
            "pin": 4
        },

        "Y": {
            "a": 0.501596688,
            "b": -0.086790746,
            "pin": 6
        },

        "W": {
            "a": 0.426083857,
            "b": -0.002182253,
            "pin": 7
        },

        "D": {
            "a": 0.489103681,
            "b": -0.009139958,
            "pin": 8
        }
    }
}