{
    "pumps": {
        "R": {
            "a": 0.47705895,
            "b": -0.0763089,
            "pin": 2
        },

        "G": {
            "a": 0.59107204,
            "b": -0.2126009,
            "pin": 3
        },

        "B": {
            "a": 0.68470607,
            "b": -0.4637968,
            "pin": 4
        },

        "Y": {
            "a": 0.53993961,
            "b": -0.1584237,
            "pin": 6
        },

        "W": {
            "a": 0.43168412,
            "b": -0.06837,
            "pin": 7
        },

        "D": {
            "a": 0.65655881,
            "b": -0.1481165,
            "pin": 8
        }
    }
}